_id,REPORT_ID,TIMESTAMP,status,avgMeasuredTime,medianMeasuredTime,vehicleCount,avgSpeed
2,158505,2024-03-22T07:00:00,OK,0,0,0,0
3,197951,2024-03-22T07:15:00,OK,0,0,0,0
4,197463,2024-03-22T07:15:00,OK,0,0,0,0
5,204273,2024-03-22T07:15:00,OK,0,0,0,0
6,187748,2024-03-22T07:15:00,OK,0,0,0,0
7,183091,2024-03-22T07:15:00,OK,0,0,0,0
8,181331,2024-03-22T07:18:00,OK,0,0,0,0
9,183009,2024-03-22T07:15:00,OK,0,0,0,0
10,187509,2024-03-22T07:15:00,OK,0,0,0,0
11,195631,2024-03-22T07:15:00,OK,0,0,0,0
12,190206,2024-03-22T07:15:00,OK,0,0,0,0
13,184703,2024-03-22T07:15:00,OK,0,0,0,0
14,182901,2024-03-22T07:15:00,OK,0,0,0,0
15,158324,2024-03-22T07:15:00,OK,0,0,0,0
16,179064,2024-03-22T07:15:00,OK,0,0,0,0
17,188092,2024-03-22T07:15:00,OK,0,0,0,0
18,197302,2024-03-22T07:15:00,OK,0,0,0,0
19,190770,2024-03-22T07:15:00,OK,0,0,0,0
20,195339,2024-03-22T07:15:00,OK,0,0,0,0
21,187218,2024-03-22T07:15:00,OK,0,0,0,0
22,195552,2024-03-22T07:15:00,OK,0,0,0,0
23,180627,2024-03-22T07:15:00,OK,0,0,0,0
24,201535,2024-03-22T07:15:00,OK,0,0,0,0
25,204140,2024-03-22T07:15:00,OK,0,0,0,0
26,209933,2024-03-22T07:15:00,OK,0,0,0,0
27,198113,2024-03-22T07:15:00,OK,0,0,0,0
28,193106,2024-03-22T07:15:00,OK,0,0,0,0
29,201802,2024-03-22T07:15:00,OK,0,0,0,0
30,195150,2024-03-22T07:15:00,OK,0,0,0,0
31,190259,2024-03-22T07:15:00,OK,0,0,0,0
32,187112,2024-03-22T07:15:00,OK,0,0,0,0
33,158776,2024-03-22T07:15:00,OK,0,0,0,0
34,206422,2024-03-22T07:15:00,OK,0,0,0,0
35,189967,2024-03-22T07:15:00,OK,0,0,0,0
36,206263,2024-03-22T07:15:00,OK,0,0,0,0
37,209880,2024-03-22T07:15:00,OK,0,0,0,0
38,187907,2024-03-22T07:15:00,OK,0,0,0,0
39,187668,2024-03-22T07:15:00,OK,0,0,0,0
40,159014,2024-03-22T07:18:00,OK,0,0,0,0
41,198139,2024-03-22T07:15:00,OK,0,0,0,0
42,187483,2024-03-22T07:15:00,OK,0,0,0,0
43,210040,2024-03-22T07:15:00,OK,0,0,0,0
44,195178,2024-03-22T07:15:00,OK,0,0,0,0
45,194878,2024-03-22T07:19:00,OK,0,0,0,0
46,186979,2024-03-22T07:15:00,OK,0,0,0,0
47,192787,2024-03-22T07:15:00,OK,0,0,0,0
48,201507,2024-03-22T07:15:00,OK,0,0,0,0
49,180844,2024-03-22T07:18:00,OK,0,0,0,0
50,206131,2024-03-22T07:15:00,OK,0,0,0,0
51,190179,2024-03-22T07:15:00,OK,0,0,0,0
52,187721,2024-03-22T07:18:00,OK,0,0,0,0
53,180547,2024-03-22T07:18:00,OK,0,0,0,0
54,201669,2024-03-22T07:15:00,OK,0,0,0,0
55,185263,2024-03-22T07:15:00,OK,0,0,0,0
56,179228,2024-03-22T07:15:00,OK,0,0,0,0
57,182955,2024-03-22T07:15:00,OK,0,0,0,0
58,180926,2024-03-22T07:18:00,OK,0,0,0,0
59,197518,2024-03-22T07:15:00,OK,0,0,0,0
60,201881,2024-03-22T07:15:00,OK,0,0,0,0
61,158386,2024-03-22T07:15:00,OK,0,0,0,0
62,204034,2024-03-22T07:15:00,OK,0,0,0,0
63,187774,2024-03-22T07:18:00,OK,0,0,0,0
64,182657,2024-03-22T07:18:00,OK,0,0,0,0
65,171969,2024-03-22T07:15:00,OK,0,0,0,0
66,173011,2024-03-22T07:15:00,OK,0,0,0,0
67,179364,2024-03-22T07:18:00,OK,0,0,0,0
68,192438,2024-03-22T07:15:00,OK,0,0,0,0
69,195015,2024-03-22T07:15:00,OK,0,0,0,0
70,158836,2024-03-22T07:15:00,OK,0,0,0,0
71,197679,2024-03-22T07:15:00,OK,0,0,0,0
72,192466,2024-03-22T07:15:00,OK,0,0,0,0
73,187986,2024-03-22T07:15:00,OK,0,0,0,0
74,197868,2024-03-22T07:15:00,OK,0,0,0,0
75,173118,2024-03-22T07:15:00,OK,0,0,0,0
76,192546,2024-03-22T07:15:00,OK,0,0,0,0
77,185104,2024-03-22T07:18:00,OK,0,0,0,0
78,158983,2020-03-17T13:30:00,OK,29,29,9,127
79,187880,2024-03-22T07:15:00,OK,0,0,0,0
80,190691,2024-03-22T07:15:00,OK,0,0,0,0
81,206396,2024-03-22T07:15:00,OK,0,0,0,0
82,187403,2024-03-22T07:15:00,OK,0,0,0,0
83,197408,2024-03-22T07:15:00,OK,0,0,0,0
84,184595,2024-03-22T07:15:00,OK,0,0,0,0
85,190285,2024-03-22T07:15:00,OK,0,0,0,0
86,185396,2024-03-22T07:15:00,OK,0,0,0,0
87,190338,2024-03-22T07:15:00,OK,0,0,0,0
88,193079,2024-03-22T07:15:00,OK,0,0,0,0
89,197434,2024-03-22T07:15:00,OK,0,0,0,0
90,198167,2024-03-22T07:15:00,OK,0,0,0,0
91,183037,2024-03-22T07:15:00,OK,0,0,0,0
92,203954,2024-03-22T07:15:00,OK,0,0,0,0
93,201345,2024-03-22T07:15:00,OK,0,0,0,0
94,209721,2024-03-22T07:15:00,OK,0,0,0,0
95,201237,2024-03-22T07:15:00,OK,0,0,0,0
96,182875,2024-03-22T07:15:00,OK,0,0,0,0
97,190529,2024-03-22T07:15:00,OK,0,0,0,0
98,179119,2024-03-22T07:15:00,OK,0,0,0,0
99,178901,2024-03-22T07:18:00,OK,0,0,0,0
100,178847,2024-03-22T07:18:00,OK,0,0,0,0
101,193402,2024-03-22T07:15:00,OK,0,0,0,0
102,181142,2024-03-22T07:15:00,OK,0,0,0,0
103,197842,2024-03-22T07:15:00,OK,0,0,0,0
104,192866,2024-03-22T07:15:00,OK,0,0,0,0
105,178767,2024-03-22T07:18:00,OK,0,0,0,0
106,192840,2024-03-22T07:15:00,OK,0,0,0,0
107,178983,2024-03-22T07:15:00,OK,0,0,0,0
108,195446,2024-03-22T07:15:00,OK,0,0,0,0
109,197896,2024-03-22T07:15:00,OK,0,0,0,0
110,187165,2024-03-22T07:15:00,OK,0,0,0,0
111,185343,2024-03-22T07:15:00,OK,0,0,0,0
112,190663,2024-03-22T07:15:00,OK,0,0,0,0
113,182820,2024-03-22T07:15:00,OK,0,0,0,0
114,158895,2020-03-17T13:45:00,OK,92,92,4,58
115,190934,2024-03-22T07:15:00,OK,0,0,0,0
116,187297,2024-03-22T07:15:00,OK,0,0,0,0
117,187350,2024-03-22T07:15:00,OK,0,0,0,0
118,179444,2024-03-22T07:15:00,OK,0,0,0,0
119,193053,2024-03-22T07:15:00,OK,0,0,0,0
120,204166,2024-03-22T07:15:00,OK,0,0,0,0
121,187562,2024-03-22T07:18:00,OK,0,0,0,0
122,203769,2024-03-22T07:15:00,OK,0,0,0,0
123,192919,2024-03-22T07:15:00,OK,0,0,0,0
124,195096,2024-03-22T07:15:00,OK,0,0,0,0
125,194931,2024-03-22T07:19:00,OK,0,0,0,0
126,197274,2024-03-22T07:15:00,OK,0,0,0,0
127,187032,2024-03-22T07:15:00,OK,0,0,0,0
128,158684,2024-04-02T14:40:00,OK,304,304,20,79
129,179148,2024-03-22T07:15:00,OK,0,0,0,0
130,197760,2024-03-22T07:15:00,OK,0,0,0,0
131,181006,2024-03-22T07:18:00,OK,0,0,0,0
132,179418,2024-03-22T07:18:00,OK,0,0,0,0
133,203557,2024-03-22T07:15:00,OK,0,0,0,0
134,195790,2024-03-22T07:15:00,OK,0,0,0,0
135,201373,2024-03-22T07:15:00,OK,0,0,0,0
136,206343,2024-03-22T07:15:00,OK,0,0,0,0
137,158924,2020-03-17T13:45:00,OK,93,93,6,60
138,197572,2024-03-22T07:15:00,OK,0,0,0,0
139,193322,2024-03-22T07:15:00,OK,0,0,0,0
140,209986,2024-04-02T14:40:00,OK,0,0,0,0
141,210013,2024-03-22T07:15:00,OK,0,0,0,0
142,209827,2024-03-22T07:15:00,OK,0,0,0,0
143,197626,2024-03-22T07:15:00,OK,0,0,0,0
144,190879,2024-03-22T07:15:00,OK,0,0,0,0
145,180735,2024-03-22T07:15:00,OK,0,0,0,0
146,190393,2024-03-22T07:15:00,OK,0,0,0,0
147,206369,2024-03-22T07:15:00,OK,0,0,0,0
148,195843,2024-03-22T07:15:00,OK,0,0,0,0
149,209801,2024-03-22T07:15:00,OK,0,0,0,0
150,181251,2024-03-22T07:18:00,OK,0,0,0,0
151,210093,2024-03-22T07:15:00,OK,0,0,0,0
152,201908,2024-03-22T07:15:00,OK,0,0,0,0
153,188145,2024-03-22T07:15:00,OK,0,0,0,0
154,158805,2024-03-22T07:15:00,OK,0,0,0,0
155,194905,2024-03-22T07:19:00,OK,0,0,0,0
156,198275,2024-03-22T07:15:00,OK,0,0,0,0
157,184649,2024-03-22T07:15:00,OK,0,0,0,0
158,193239,2024-03-22T07:15:00,OK,0,0,0,0
159,190799,2024-03-22T07:15:00,OK,0,0,0,0
160,203795,2024-03-22T07:15:00,OK,0,0,0,0
161,172602,2024-03-22T07:15:00,OK,0,0,0,0
162,195259,2024-03-22T07:15:00,OK,0,0,0,0
163,197705,2024-03-22T07:15:00,OK,0,0,0,0
164,195070,2024-03-22T07:15:00,OK,0,0,0,0
165,201615,2024-03-22T07:15:00,OK,0,0,0,0
166,187191,2024-03-22T07:15:00,OK,0,0,0,0
167,192707,2024-03-22T07:15:00,OK,0,0,0,0
168,190312,2024-03-22T07:15:00,OK,0,0,0,0
169,193294,2024-03-22T07:15:00,OK,0,0,0,0
170,158715,2020-03-17T13:45:00,OK,67,67,9,63
171,190100,2024-03-22T07:18:00,OK,0,0,0,0
172,195817,2024-03-22T07:15:00,OK,0,0,0,0
173,197381,2024-03-22T07:15:00,OK,0,0,0,0
174,198085,2024-03-22T07:15:00,OK,0,0,0,0
175,203716,2024-03-22T07:15:00,OK,0,0,0,0
176,182683,2024-03-22T07:18:00,OK,0,0,0,0
177,187801,2024-03-22T07:15:00,OK,0,0,0,0
178,203663,2024-03-22T07:15:00,OK,0,0,0,0
179,190609,2024-03-22T07:15:00,OK,0,0,0,0
180,201643,2024-03-22T07:15:00,OK,0,0,0,0
181,209748,2024-03-22T07:15:00,OK,0,0,0,0
182,190073,2024-03-22T07:15:00,OK,0,0,0,0
183,181305,2024-03-22T07:18:00,OK,0,0,0,0
184,184945,2024-03-22T07:15:00,OK,0,0,0,0
185,190963,2024-03-22T07:15:00,OK,0,0,0,0
186,187059,2024-03-22T07:15:00,OK,0,0,0,0
187,184919,2024-03-22T07:15:00,OK,0,0,0,0
188,180952,2024-03-22T07:18:00,OK,0,0,0,0
189,198247,2024-03-22T07:15:00,OK,0,0,0,0
190,186953,2024-03-22T07:15:00,OK,0,0,0,0
191,210173,2024-03-22T07:15:00,OK,0,0,0,0
192,158475,2020-03-17T13:45:00,OK,79,79,25,106
193,179256,2024-03-22T07:18:00,OK,0,0,0,0
194,185051,2024-03-22T07:15:00,OK,0,0,0,0
195,204007,2024-03-22T07:15:00,OK,0,0,0,0
196,192946,2024-03-22T07:15:00,OK,0,0,0,0
197,188172,2024-03-22T07:15:00,OK,0,0,0,0
198,192600,2024-03-22T07:18:00,OK,0,0,0,0
199,180573,2024-03-22T07:18:00,OK,0,0,0,0
200,210199,2024-03-22T07:15:00,OK,0,0,0,0
201,203901,2024-03-22T07:15:00,OK,0,0,0,0
202,180818,2024-03-22T07:15:00,OK,0,0,0,0
203,201265,2024-03-22T07:15:00,OK,0,0,0,0
204,190717,2024-03-22T07:15:00,OK,0,0,0,0
205,181223,2024-03-22T07:18:00,OK,0,0,0,0
206,158865,2024-03-22T07:15:00,OK,0,0,0,0
207,171572,2024-03-22T07:15:00,OK,0,0,0,0
208,204219,2024-03-22T07:15:00,OK,0,0,0,0
209,184813,2024-03-22T07:15:00,OK,0,0,0,0
210,181277,2024-03-22T07:18:00,OK,0,0,0,0
211,210120,2024-03-22T07:15:00,OK,0,0,0,0
212,190232,2024-03-22T07:15:00,OK,0,0,0,0
213,198301,2024-03-22T07:15:00,OK,0,0,0,0
214,185369,2024-03-22T07:15:00,OK,0,0,0,0
215,197977,2024-03-22T07:15:00,OK,0,0,0,0
216,210146,2024-03-22T07:15:00,OK,0,0,0,0
217,190825,2024-03-22T07:15:00,OK,0,0,0,0
218,182846,2024-03-22T07:15:00,OK,0,0,0,0
219,187324,2024-03-22T07:15:00,OK,0,0,0,0
220,206449,2024-03-22T07:15:00,OK,0,0,0,0
221,204060,2024-03-22T07:15:00,OK,0,0,0,0
222,188198,2024-03-22T07:15:00,OK,0,0,0,0
223,190475,2024-03-22T07:15:00,OK,0,0,0,0
224,192653,2024-03-22T07:18:00,OK,0,0,0,0
225,178548,2024-03-22T07:18:00,OK,0,0,0,0
226,185157,2024-03-22T07:15:00,OK,0,0,0,0
227,187933,2024-03-22T07:15:00,OK,0,0,0,0
228,209774,2024-03-22T07:15:00,OK,0,0,0,0
229,188066,2024-03-22T07:15:00,OK,0,0,0,0
230,180655,2024-03-22T07:18:00,OK,0,0,0,0
231,185025,2024-03-22T07:15:00,OK,0,0,0,0
232,201183,2024-03-22T07:15:00,OK,0,0,0,0
233,197544,2024-03-22T07:15:00,OK,0,0,0,0
234,192574,2024-03-22T07:18:00,OK,0,0,0,0
235,181197,2024-03-22T07:18:00,OK,0,0,0,0
236,201828,2024-03-22T07:15:00,OK,0,0,0,0
237,195605,2024-03-22T07:15:00,OK,0,0,0,0
238,195472,2024-03-22T07:15:00,OK,0,0,0,0
239,195870,2024-03-22T07:15:00,OK,0,0,0,0
240,180872,2024-03-22T07:18:00,OK,0,0,0,0
241,192627,2024-03-22T07:18:00,OK,0,0,0,0
242,195578,2024-03-22T07:15:00,OK,0,0,0,0
243,178600,2024-03-22T07:15:00,OK,0,0,0,0
244,209960,2024-04-02T14:40:00,OK,0,0,0,0
245,187536,2024-03-22T07:18:00,OK,0,0,0,0
246,187642,2024-03-22T07:18:00,OK,0,0,0,0
247,193348,2024-03-22T07:15:00,OK,0,0,0,0
248,187456,2024-03-22T07:15:00,OK,0,0,0,0
249,190744,2024-03-22T07:15:00,OK,0,0,0,0
250,179390,2024-03-22T07:18:00,OK,0,0,0,0
251,193026,2024-03-22T07:15:00,OK,0,0,0,0
252,197922,2024-03-22T07:15:00,OK,0,0,0,0
253,179310,2024-03-22T07:18:00,OK,0,0,0,0
254,158536,2024-04-02T14:40:00,OK,143,143,24,81
255,192813,2024-03-22T07:15:00,OK,0,0,0,0
256,201211,2024-03-22T07:15:00,OK,0,0,0,0
257,201775,2024-03-22T07:15:00,OK,0,0,0,0
258,181034,2024-03-22T07:18:00,OK,0,0,0,0
259,210067,2024-03-22T07:15:00,OK,0,0,0,0
260,206210,2024-03-22T07:15:00,OK,0,0,0,0
261,198221,2024-03-22T07:15:00,OK,0,0,0,0
262,192734,2024-03-22T07:15:00,OK,0,0,0,0
263,185078,2024-03-22T07:18:00,OK,0,0,0,0
264,178793,2024-03-22T07:18:00,OK,0,0,0,0
265,203875,2024-03-22T07:15:00,OK,0,0,0,0
266,184839,2024-03-22T07:15:00,OK,0,0,0,0
267,193159,2024-03-22T07:15:00,OK,0,0,0,0
268,195737,2024-03-22T07:15:00,OK,0,0,0,0
269,206104,2024-03-22T07:15:00,OK,0,0,0,0
270,201589,2024-03-22T07:15:00,OK,0,0,0,0
271,195684,2024-03-22T07:15:00,OK,0,0,0,0
272,197598,2024-03-22T07:15:00,OK,0,0,0,0
273,201291,2024-03-22T07:18:00,OK,0,0,0,0
274,178713,2024-03-22T07:18:00,OK,0,0,0,0
275,197788,2024-03-22T07:15:00,OK,0,0,0,0
276,182766,2024-03-22T07:15:00,OK,0,0,0,0
277,184972,2024-03-22T07:15:00,OK,0,0,0,0
278,195365,2024-03-22T07:15:00,OK,0,0,0,0
279,188225,2024-03-22T07:15:00,OK,0,0,0,0
280,179174,2024-03-22T07:15:00,OK,0,0,0,0
281,195923,2024-03-22T07:15:00,OK,0,0,0,0
282,158446,2020-03-17T13:45:00,OK,79,79,23,106
283,184892,2024-03-22T07:15:00,OK,0,0,0,0
284,203822,2024-03-22T07:15:00,OK,0,0,0,0
285,201453,2024-03-22T07:15:00,OK,0,0,0,0
286,193185,2024-03-22T07:15:00,OK,0,0,0,0
287,195418,2024-03-22T07:15:00,OK,0,0,0,0
288,192520,2024-03-22T07:15:00,OK,0,0,0,0
289,187085,2024-03-22T07:15:00,OK,0,0,0,0
290,158595,2020-03-17T13:45:00,OK,93,93,12,110
291,187854,2024-03-22T07:15:00,OK,0,0,0,0
292,201696,2024-03-22T07:15:00,OK,0,0,0,0
293,188251,2024-03-22T07:15:00,OK,0,0,0,0
294,203981,2024-03-22T07:15:00,OK,0,0,0,0
295,197734,2024-03-22T07:15:00,OK,0,0,0,0
296,179038,2024-03-22T07:15:00,OK,0,0,0,0
297,185237,2024-03-22T07:15:00,OK,0,0,0,0
298,183117,2024-03-22T07:15:00,OK,0,0,0,0
299,195286,2024-03-22T07:15:00,OK,0,0,0,0
300,187695,2024-03-22T07:15:00,OK,0,0,0,0
301,187960,2024-03-22T07:15:00,OK,0,0,0,0
302,209854,2024-03-22T07:15:00,OK,0,0,0,0
303,187138,2024-03-22T07:15:00,OK,0,0,0,0
304,201427,2024-03-22T07:15:00,OK,0,0,0,0
305,173225,2024-04-02T14:40:00,OK,0,0,0,0
306,195312,2024-03-22T07:15:00,OK,0,0,0,0
307,201961,2024-03-22T07:15:00,OK,0,0,0,0
308,192760,2024-03-22T07:15:00,OK,0,0,0,0
309,192972,2024-03-22T07:15:00,OK,0,0,0,0
310,204247,2024-03-22T07:15:00,OK,0,0,0,0
311,195041,2024-03-22T07:15:00,OK,0,0,0,0
312,193213,2024-03-22T07:15:00,OK,0,0,0,0
313,195499,2024-03-22T07:15:00,OK,0,0,0,0
314,158744,2020-03-17T13:46:00,OK,69,69,17,63
315,190126,2024-03-22T07:15:00,OK,0,0,0,0
316,192893,2024-03-22T07:15:00,OK,0,0,0,0
317,182738,2024-03-22T07:15:00,OK,0,0,0,0
318,195711,2024-03-22T07:15:00,OK,0,0,0,0
319,195124,2024-03-22T07:15:00,OK,0,0,0,0
320,193132,2024-03-22T07:15:00,OK,0,0,0,0
321,206237,2024-03-22T07:15:00,OK,0,0,0,0
322,158954,2020-03-17T13:32:00,OK,27,27,13,137
323,194960,2024-03-22T07:15:00,OK,0,0,0,0
324,187589,2024-03-22T07:15:00,OK,0,0,0,0
325,206475,2024-03-22T07:15:00,OK,0,0,0,0
326,190908,2024-03-22T07:15:00,OK,0,0,0,0
327,190020,2024-03-22T07:15:00,OK,0,0,0,0
328,179336,2024-03-22T07:18:00,OK,0,0,0,0
329,187827,2024-03-22T07:15:00,OK,0,0,0,0
330,203530,2024-03-22T07:15:00,OK,0,0,0,0
331,179202,2024-03-22T07:15:00,OK,0,0,0,0
332,187244,2024-03-22T07:15:00,OK,0,0,0,0
333,187377,2024-03-22T07:15:00,OK,0,0,0,0
334,195392,2024-03-22T07:15:00,OK,0,0,0,0
335,187271,2024-03-22T07:15:00,OK,0,0,0,0
336,182983,2024-03-22T07:15:00,OK,0,0,0,0
337,206316,2024-03-22T07:15:00,OK,0,0,0,0
338,185290,2024-03-22T07:15:00,OK,0,0,0,0
339,190047,2024-03-22T07:15:00,OK,0,0,0,0
340,185210,2024-03-22T07:15:00,OK,0,0,0,0
341,190421,2024-03-22T07:15:00,OK,0,0,0,0
342,184998,2024-03-22T07:15:00,OK,0,0,0,0
343,206502,2024-03-22T07:15:00,OK,0,0,0,0
344,203610,2024-03-22T07:15:00,OK,0,0,0,0
345,195658,2024-03-22T07:15:00,OK,0,0,0,0
346,172329,2024-03-22T07:15:00,OK,0,0,0,0
347,182712,2024-03-22T07:15:00,OK,0,0,0,0
348,204193,2024-03-22T07:15:00,OK,0,0,0,0
349,204113,2024-03-22T07:15:00,OK,0,0,0,0
350,197328,2024-03-22T07:15:00,OK,0,0,0,0
351,193376,2024-03-22T07:15:00,OK,0,0,0,0
352,189994,2024-03-22T07:15:00,OK,0,0,0,0
353,206290,2024-03-22T07:15:00,OK,0,0,0,0
354,201934,2024-03-22T07:15:00,OK,0,0,0,0
355,195525,2024-03-22T07:15:00,OK,0,0,0,0
356,187430,2024-03-22T07:18:00,OK,0,0,0,0
357,185131,2024-03-22T07:15:00,OK,0,0,0,0
358,203583,2024-03-22T07:15:00,OK,0,0,0,0
359,188119,2024-03-22T07:15:00,OK,0,0,0,0
360,190853,2024-03-22T07:15:00,OK,0,0,0,0
361,195764,2024-03-22T07:15:00,OK,0,0,0,0
362,158355,2020-03-17T13:45:00,OK,34,322,9,126
363,183063,2024-03-22T07:15:00,OK,0,0,0,0
364,188039,2024-03-22T07:15:00,OK,0,0,0,0
365,180764,2024-03-22T07:18:00,OK,0,0,0,0
366,201481,2024-03-22T07:15:00,OK,0,0,0,0
367,158624,2020-03-17T13:45:00,OK,142,142,27,92
368,201855,2024-03-22T07:15:00,OK,0,0,0,0
369,190447,2024-03-22T07:15:00,OK,0,0,0,0
370,206025,2024-03-22T07:18:00,OK,0,0,0,0
371,180601,2024-03-22T07:18:00,OK,0,0,0,0
372,203689,2024-03-22T07:15:00,OK,0,0,0,0
373,190637,2024-03-22T07:15:00,OK,0,0,0,0
374,179093,2024-03-22T07:15:00,OK,0,0,0,0
375,204087,2024-03-22T07:15:00,OK,0,0,0,0
376,192681,2024-03-22T07:15:00,OK,0,0,0,0
377,193268,2024-03-22T07:15:00,OK,0,0,0,0
378,184675,2024-03-22T07:15:00,OK,0,0,0,0
379,190501,2024-03-22T07:15:00,OK,0,0,0,0
380,201319,2024-03-22T07:15:00,OK,0,0,0,0
381,187615,2024-03-22T07:15:00,OK,0,0,0,0
382,187006,2024-03-22T07:15:00,OK,0,0,0,0
383,192492,2024-03-22T07:15:00,OK,0,0,0,0
384,205997,2024-03-22T07:15:00,OK,0,0,0,0
385,178929,2024-03-22T07:18:00,OK,0,0,0,0
386,178875,2024-03-22T07:18:00,OK,0,0,0,0
387,197652,2024-03-22T07:15:00,OK,0,0,0,0
388,184621,2024-03-22T07:15:00,OK,0,0,0,0
389,190153,2024-03-22T07:15:00,OK,0,0,0,0
390,203742,2024-03-22T07:15:00,OK,0,0,0,0
391,182792,2024-03-22T07:15:00,OK,0,0,0,0
392,185422,2024-03-22T07:15:00,OK,0,0,0,0
393,209907,2024-03-22T07:15:00,OK,0,0,0,0
394,201561,2024-03-22T07:15:00,OK,0,0,0,0
395,180898,2024-03-22T07:18:00,OK,0,0,0,0
396,198193,2024-03-22T07:15:00,OK,0,0,0,0
397,204300,2024-03-22T07:15:00,OK,0,0,0,0
398,201722,2024-03-22T07:15:00,OK,0,0,0,0
399,198031,2024-03-22T07:15:00,OK,0,0,0,0
400,206184,2024-03-22T07:15:00,OK,0,0,0,0
401,203848,2024-03-22T07:15:00,OK,0,0,0,0
402,179009,2024-03-22T07:18:00,OK,0,0,0,0
403,181060,2024-03-22T07:18:00,OK,0,0,0,0
404,158565,2024-04-02T14:40:00,OK,231,231,26,47
405,197355,2024-03-22T07:15:00,OK,0,0,0,0
406,180681,2024-03-22T07:15:00,OK,0,0,0,0
407,189941,2024-03-22T07:15:00,OK,0,0,0,0
408,181114,2024-03-22T07:18:00,OK,0,0,0,0
409,197489,2024-03-22T07:15:00,OK,0,0,0,0
410,197814,2024-03-22T07:15:00,OK,0,0,0,0
411,184784,2024-03-22T07:15:00,OK,0,0,0,0
412,185184,2024-03-22T07:15:00,OK,0,0,0,0
413,203636,2024-03-22T07:15:00,OK,0,0,0,0
414,206078,2024-03-22T07:15:00,OK,0,0,0,0
415,190367,2024-03-22T07:15:00,OK,0,0,0,0
416,180790,2024-03-22T07:18:00,OK,0,0,0,0
417,206157,2024-03-22T07:18:00,OK,0,0,0,0
418,206051,2024-03-22T07:18:00,OK,0,0,0,0
419,159043,2024-03-22T07:18:00,OK,0,0,0,0
420,158655,2024-04-02T14:40:00,OK,222,222,24,108
421,181088,2024-03-22T07:18:00,OK,0,0,0,0
422,201749,2024-03-22T07:15:00,OK,0,0,0,0
423,178739,2024-03-22T07:15:00,OK,0,0,0,0
424,179282,2024-03-22T07:18:00,OK,0,0,0,0
425,178821,2024-03-22T07:18:00,OK,0,0,0,0
426,184866,2024-03-22T07:18:00,OK,0,0,0,0
427,203928,2024-03-22T07:15:00,OK,0,0,0,0
428,182929,2024-03-22T07:15:00,OK,0,0,0,0
429,193430,2024-03-22T07:15:00,OK,0,0,0,0
430,172156,2024-03-22T07:15:00,OK,0,0,0,0
431,185316,2024-03-22T07:15:00,OK,0,0,0,0
432,190583,2024-03-22T07:15:00,OK,0,0,0,0
433,195204,2024-03-22T07:15:00,OK,0,0,0,0
434,158415,2024-03-22T07:15:00,OK,0,0,0,0
435,188013,2024-03-22T07:15:00,OK,0,0,0,0
436,184729,2024-03-22T07:15:00,OK,0,0,0,0
437,184758,2024-03-22T07:15:00,OK,0,0,0,0
438,180709,2024-03-22T07:18:00,OK,0,0,0,0
439,194986,2024-03-22T07:15:00,OK,0,0,0,0
440,198059,2024-03-22T07:15:00,OK,0,0,0,0
441,201399,2024-03-22T07:15:00,OK,0,0,0,0
442,195896,2024-03-22T07:15:00,OK,0,0,0,0
443,181168,2024-03-22T07:18:00,OK,0,0,0,0
444,180980,2024-03-22T07:18:00,OK,0,0,0,0
445,198330,2024-03-22T07:15:00,OK,0,0,0,0
446,193000,2024-03-22T07:15:00,OK,0,0,0,0
447,198005,2024-03-22T07:15:00,OK,0,0,0,0
448,190555,2024-03-22T07:15:00,OK,0,0,0,0
449,178955,2024-03-22T07:15:00,OK,0,0,0,0
450,195233,2024-03-22T07:15:00,OK,0,0,0,0
451,950741,2024-03-22T07:19:00,OK,0,0,0,0
452,962127,2024-03-22T07:18:00,OK,0,0,0,0
453,958260,2024-03-22T07:18:00,OK,0,0,0,0
454,1145742,2024-03-22T07:18:00,OK,0,0,0,0
455,1144285,2024-03-22T07:18:00,OK,0,0,0,0
456,1145795,2024-03-22T07:18:00,OK,0,0,0,0
457,958206,2024-03-22T07:18:00,OK,0,0,0,0
458,1145822,2024-03-22T07:18:00,OK,0,0,0,0
459,1149064,2024-03-22T07:18:00,OK,0,0,0,0
460,280323,2024-03-22T07:18:00,OK,0,0,0,0
461,1145365,2024-03-22T07:18:00,OK,0,0,0,0
462,916114,2024-03-22T07:18:00,OK,0,0,0,0
463,957885,2024-03-22T07:18:00,OK,0,0,0,0
464,958126,2024-03-22T07:18:00,OK,0,0,0,0
465,1145768,2024-03-22T07:18:00,OK,0,0,0,0
466,962153,2024-03-22T07:18:00,OK,0,0,0,0
467,916087,2024-03-22T07:18:00,OK,0,0,0,0
468,957859,2024-03-22T07:18:00,OK,0,0,0,0
469,1145662,2024-03-22T07:18:00,OK,0,0,0,0
470,1145607,2024-03-22T07:18:00,OK,0,0,0,0
471,916061,2024-03-22T07:18:00,OK,0,0,0,0
472,916140,2024-03-22T07:18:00,OK,0,0,0,0
473,958098,2024-03-22T07:18:00,OK,0,0,0,0
474,1145445,2024-03-22T07:18:00,OK,0,0,0,0
475,958072,2024-03-22T07:18:00,OK,0,0,0,0
476,1145581,2024-03-22T07:18:00,OK,0,0,0,0
477,280349,2024-03-22T07:18:00,OK,0,0,0,0
478,958152,2024-03-22T07:18:00,OK,0,0,0,0
479,842827,2024-03-22T07:19:00,OK,0,0,0,0
480,1201364,2024-03-22T07:19:00,OK,0,0,0,0
481,8175785,2024-03-22T07:15:00,OK,0,0,0,0
482,539486,2024-03-22T07:15:00,OK,0,0,0,0
483,8176334,2024-03-22T07:15:00,OK,0,0,0,0
484,1319797,2024-03-22T07:15:00,OK,0,0,0,0
485,16715594,2024-03-22T07:15:00,OK,0,0,0,0
486,1139909,2024-03-22T07:15:00,OK,0,0,0,0
487,1143964,2024-03-22T07:15:00,OK,0,0,0,0
488,1151752,2024-03-22T07:15:00,OK,0,0,0,0
489,958044,2024-03-22T07:15:00,OK,0,0,0,0
490,300179,2024-03-22T07:15:00,OK,0,0,0,0
491,7145623,2024-03-22T07:15:00,OK,0,0,0,0
492,1151048,2024-03-22T07:15:00,OK,0,0,0,0
493,1219590,2024-03-22T07:15:00,OK,0,0,0,0
494,7147750,2024-03-22T07:15:00,OK,0,0,0,0
495,7145419,2024-03-22T07:15:00,OK,0,0,0,0
496,539407,2024-03-22T07:15:00,OK,0,0,0,0
497,8175667,2024-03-22T07:15:00,OK,0,0,0,0
498,16716371,2024-03-22T07:15:00,OK,0,0,0,0
499,7147071,2024-03-22T07:15:00,OK,0,0,0,0
500,8176355,2024-03-22T07:15:00,OK,0,0,0,0
501,1145338,2024-03-22T07:15:00,OK,0,0,0,0
502,7144725,2024-03-22T07:15:00,OK,0,0,0,0
503,1150940,2024-03-22T07:15:00,OK,0,0,0,0
504,7150481,2024-03-22T07:15:00,OK,0,0,0,0
505,8176395,2024-03-22T07:15:00,OK,0,0,0,0
506,8176220,2022-06-30T08:55:00,OK,0,0,0,0
507,539327,2024-03-22T07:15:00,OK,0,0,0,0
508,7147480,2024-03-22T07:15:00,OK,0,0,0,0
509,6636720,2024-03-22T07:15:00,OK,0,0,0,0
510,7144834,2024-03-22T07:15:00,OK,0,0,0,0
511,1144125,2024-03-22T07:15:00,OK,0,0,0,0
512,1140095,2024-03-22T07:15:00,OK,0,0,0,0
513,957912,2024-03-22T07:15:00,OK,0,0,0,0
514,16716691,2024-03-22T07:15:00,OK,0,0,0,0
515,1201535,2024-03-22T07:15:00,OK,0,0,0,0
516,16715127,2024-03-22T07:15:00,OK,0,0,0,0
517,7145154,2024-03-22T07:15:00,OK,0,0,0,0
518,10640392,2024-03-22T07:15:00,OK,0,0,0,0
519,7148870,2024-03-22T07:15:00,OK,0,0,0,0
520,7146781,2024-03-22T07:15:00,OK,0,0,0,0
521,16717428,2024-03-22T07:15:00,OK,0,0,0,0
522,7147291,2024-03-22T07:15:00,OK,0,0,0,0
523,7147663,2024-03-22T07:15:00,OK,0,0,0,0
524,1151978,2024-03-22T07:15:00,OK,0,0,0,0
525,8184062,2024-03-22T07:15:00,OK,0,0,0,0
526,1150862,2024-03-22T07:15:00,OK,0,0,0,0
527,3106534,2024-03-22T07:15:00,OK,0,0,0,0
528,1151881,2024-03-22T07:15:00,OK,0,0,0,0
529,16717082,2024-03-22T07:15:00,OK,0,0,0,0
530,7144954,2024-03-22T07:15:00,OK,0,0,0,0
531,1149855,2024-03-22T07:15:00,OK,0,0,0,0
532,8176193,2024-03-22T07:15:00,OK,0,0,0,0
533,7144540,2024-03-22T07:15:00,OK,0,0,0,0
534,1145689,2024-03-22T07:15:00,OK,0,0,0,0
535,8176498,2022-06-30T08:55:00,OK,0,0,0,0
536,300206,2024-03-22T07:15:00,OK,0,0,0,0
537,8175818,2024-03-22T07:15:00,OK,0,0,0,0
538,7145297,2024-03-22T07:15:00,OK,0,0,0,0
539,10640299,2024-03-22T07:15:00,OK,0,0,0,0
540,16717178,2024-03-22T07:15:00,OK,0,0,0,0
541,7146529,2024-03-22T07:15:00,OK,0,0,0,0
542,280482,2024-03-22T07:15:00,OK,0,0,0,0
543,1139935,2024-03-22T07:15:00,OK,0,0,0,0
544,300046,2024-03-22T07:15:00,OK,0,0,0,0
545,1144257,2024-03-22T07:15:00,OK,0,0,0,0
546,16715652,2024-03-22T07:15:00,OK,0,0,0,0
547,280429,2024-03-22T07:15:00,OK,0,0,0,0
548,7148512,2024-03-22T07:15:00,OK,0,0,0,0
549,1150036,2024-03-22T07:15:00,OK,0,0,0,0
550,8176168,2024-03-22T07:15:00,OK,0,0,0,0
551,16715985,2024-03-22T07:15:00,OK,0,0,0,0
552,16716423,2024-03-22T07:15:00,OK,0,0,0,0
553,886073,2024-03-22T07:15:00,OK,0,0,0,0
554,538983,2021-02-26T12:30:00,OK,210,210,2,48
555,1149941,2024-03-22T07:15:00,OK,0,0,0,0
556,1149870,2024-03-22T07:15:00,OK,0,0,0,0
557,1148632,2024-03-22T07:15:00,OK,0,0,0,0
558,1150142,2024-03-22T07:15:00,OK,0,0,0,0
559,7149099,2024-03-22T07:15:00,OK,0,0,0,0
560,1151771,2024-03-22T07:15:00,OK,0,0,0,0
561,7145907,2024-03-22T07:15:00,OK,0,0,0,0
562,1151638,2024-03-22T07:15:00,OK,0,0,0,0
563,280535,2024-03-22T07:15:00,OK,0,0,0,0
564,1143990,2024-03-22T07:15:00,OK,0,0,0,0
565,7147142,2024-03-22T07:15:00,OK,0,0,0,0
566,1145527,2024-03-22T07:15:00,OK,0,0,0,0
567,7145046,2024-03-22T07:15:00,OK,0,0,0,0
568,7144744,2024-03-22T07:15:00,OK,0,0,0,0
569,7147767,2024-03-22T07:15:00,OK,0,0,0,0
570,8176378,2024-03-22T07:15:00,OK,0,0,0,0
571,1151062,2024-03-22T07:15:00,OK,0,0,0,0
572,16716742,2024-03-22T07:15:00,OK,0,0,0,0
573,7145325,2024-03-22T07:15:00,OK,0,0,0,0
574,8175628,2024-03-22T07:15:00,OK,0,0,0,0
575,1148781,2024-03-22T07:15:00,OK,0,0,0,0
576,957938,2024-03-22T07:15:00,OK,0,0,0,0
577,6062691,2024-03-22T07:15:00,OK,0,0,0,0
578,16716006,2024-04-02T14:40:00,OK,66,66,47,84
579,1148994,2024-03-22T07:15:00,OK,0,0,0,0
580,1201562,2024-03-22T07:15:00,OK,0,0,0,0
581,1151156,2024-03-22T07:15:00,OK,0,0,0,0
582,7148548,2024-03-22T07:15:00,OK,0,0,0,0
583,8183976,2024-03-22T07:15:00,OK,0,0,0,0
584,3106558,2024-03-22T07:15:00,OK,0,0,0,0
585,7145770,2024-03-22T07:15:00,OK,0,0,0,0
586,1139962,2024-03-22T07:15:00,OK,0,0,0,0
587,6062585,2024-03-22T07:15:00,OK,0,0,0,0
588,1150957,2024-03-22T07:15:00,OK,0,0,0,0
589,1148810,2024-03-22T07:15:00,OK,0,0,0,0
590,1151911,2024-03-22T07:15:00,OK,0,0,0,0
591,7144386,2024-03-22T07:15:00,OK,0,0,0,0
592,7147309,2024-03-22T07:15:00,OK,0,0,0,0
593,1150153,2024-03-22T07:15:00,OK,0,0,0,0
594,7147687,2024-03-22T07:15:00,OK,0,0,0,0
595,4315331,2024-03-22T07:15:00,OK,0,0,0,0
596,300072,2024-03-22T07:15:00,OK,0,0,0,0
597,1149077,2024-03-22T07:15:00,OK,0,0,0,0
598,1151989,2024-03-22T07:15:00,OK,0,0,0,0
599,7147505,2024-03-22T07:15:00,OK,0,0,0,0
600,7150504,2024-03-22T07:15:00,OK,0,0,0,0
601,16717259,2024-03-22T07:15:00,OK,0,0,0,0
602,1144152,2024-03-22T07:15:00,OK,0,0,0,0
603,7144573,2024-03-22T07:15:00,OK,0,0,0,0
604,16715724,2024-03-22T07:15:00,OK,0,0,0,0
605,10640316,2024-03-22T07:15:00,OK,0,0,0,0
606,10640427,2024-03-22T07:15:00,OK,0,0,0,0
607,8175923,2024-03-22T07:15:00,OK,0,0,0,0
608,7145065,2024-03-22T07:15:00,OK,0,0,0,0
609,539513,2024-03-22T07:15:00,OK,0,0,0,0
610,7146810,2024-03-22T07:15:00,OK,0,0,0,0
611,7144856,2024-03-22T07:15:00,OK,0,0,0,0
612,958233,2024-03-22T07:15:00,OK,0,0,0,0
613,16715157,2024-03-22T07:15:00,OK,0,0,0,0
614,1140122,2024-03-22T07:15:00,OK,0,0,0,0
615,1145553,2024-03-22T07:15:00,OK,0,0,0,0
616,16716453,2024-03-22T07:15:00,OK,0,0,0,0
617,16716771,2024-03-22T07:15:00,OK,0,0,0,0
618,1152013,2024-03-22T07:15:00,OK,0,0,0,0
619,7145459,2024-03-22T07:15:00,OK,0,0,0,0
620,7146555,2024-03-22T07:15:00,OK,0,0,0,0
621,1319922,2024-03-22T07:15:00,OK,0,0,0,0
622,7148893,2024-03-22T07:15:00,OK,0,0,0,0
623,1139695,2024-03-22T07:15:00,OK,0,0,0,0
624,1219522,2024-03-22T07:15:00,OK,0,0,0,0
625,8176426,2024-03-22T07:15:00,OK,0,0,0,0
626,16717445,2024-03-22T07:15:00,OK,0,0,0,0
627,7146706,2024-03-22T07:15:00,OK,0,0,0,0
628,8175988,2024-03-22T07:15:00,OK,0,0,0,0
629,10640410,2024-03-22T07:15:00,OK,0,0,0,0
630,539566,2024-03-22T07:15:00,OK,0,0,0,0
631,3106522,2024-03-22T07:15:00,OK,0,0,0,0
632,7145176,2024-03-22T07:15:00,OK,0,0,0,0
633,299940,2024-03-22T07:15:00,OK,0,0,0,0
634,1140148,2024-03-22T07:15:00,OK,0,0,0,0
635,1150130,2024-03-22T07:15:00,OK,0,0,0,0
636,8175753,2024-03-22T07:15:00,OK,0,0,0,0
637,1151652,2024-03-22T07:15:00,OK,0,0,0,0
638,1145715,2024-03-22T07:15:00,OK,0,0,0,0
639,539433,2024-03-22T07:15:00,OK,0,0,0,0
640,1151078,2024-03-22T07:15:00,OK,0,0,0,0
641,539195,2024-03-22T07:15:00,OK,0,0,0,0
642,7145939,2024-03-22T07:15:00,OK,0,0,0,0
643,8184089,2024-03-22T07:15:00,OK,0,0,0,0
644,1150974,2024-03-22T07:15:00,OK,0,0,0,0
645,300232,2024-03-22T07:15:00,OK,0,0,0,0
646,10640330,2024-03-22T07:15:00,OK,0,0,0,0
647,16714853,2024-03-22T07:15:00,OK,0,0,0,0
648,8176263,2024-03-22T07:15:00,OK,0,0,0,0
649,6062532,2024-03-22T07:15:00,OK,0,0,0,0
650,300100,2024-03-22T07:15:00,OK,0,0,0,0
651,16716485,2024-03-22T07:15:00,OK,0,0,0,0
652,1148660,2024-03-22T07:15:00,OK,0,0,0,0
653,1219539,2024-03-22T07:15:00,OK,0,0,0,0
654,7149155,2024-03-22T07:15:00,OK,0,0,0,0
655,7145802,2024-03-22T07:15:00,OK,0,0,0,0
656,1150880,2024-03-22T07:15:00,OK,0,0,0,0
657,16716845,2024-03-22T07:15:00,OK,0,0,0,0
658,7146464,2024-03-22T07:15:00,OK,0,0,0,0
659,1149090,2024-03-22T07:15:00,OK,0,0,0,0
660,7145655,2024-03-22T07:15:00,OK,0,0,0,0
661,1201402,2024-03-22T07:15:00,OK,0,0,0,0
662,1139988,2024-03-22T07:15:00,OK,0,0,0,0
663,1151580,2024-03-22T07:15:00,OK,0,0,0,0
664,1149010,2024-03-22T07:15:00,OK,0,0,0,0
665,7148574,2024-03-22T07:15:00,OK,0,0,0,0
666,6062665,2024-03-22T07:15:00,OK,0,0,0,0
667,1139749,2024-03-22T07:15:00,OK,0,0,0,0
668,8176413,2024-03-22T07:15:00,OK,0,0,0,0
669,957965,2024-03-22T07:15:00,OK,0,0,0,0
670,8176480,2022-06-30T08:55:00,OK,0,0,0,0
671,1148853,2024-03-22T07:15:00,OK,0,0,0,0
672,7144423,2024-03-22T07:15:00,OK,0,0,0,0
673,7147165,2024-03-22T07:15:00,OK,0,0,0,0
674,280561,2024-03-22T07:15:00,OK,0,0,0,0
675,1144311,2024-03-22T07:15:00,OK,0,0,0,0
676,16715266,2024-03-22T07:15:00,OK,0,0,0,0
677,1143884,2024-03-22T07:15:00,OK,0,0,0,0
678,16715226,2024-03-22T07:15:00,OK,0,0,0,0
679,16714880,2024-03-22T07:15:00,OK,0,0,0,0
680,1149966,2024-03-22T07:15:00,OK,0,0,0,0
681,539142,2024-03-22T07:15:00,OK,0,0,0,0
682,7144976,2024-03-22T07:15:00,OK,0,0,0,0
683,978286,2024-03-22T07:15:00,OK,0,0,0,0
684,1145419,2024-03-22T07:15:00,OK,0,0,0,0
685,280455,2024-03-22T07:15:00,OK,0,0,0,0
686,1151094,2024-03-22T07:15:00,OK,0,0,0,0
687,1201429,2024-03-22T07:15:00,OK,0,0,0,0
688,7146484,2024-03-22T07:15:00,OK,0,0,0,0
689,7148162,2024-03-22T07:15:00,OK,0,0,0,0
690,16715770,2024-03-22T07:15:00,OK,0,0,0,0
691,7147345,2024-03-22T07:15:00,OK,0,0,0,0
692,7148400,2024-03-22T07:15:00,OK,0,0,0,0
693,16717294,2024-03-22T07:15:00,OK,0,0,0,0
694,1150181,2024-03-22T07:15:00,OK,0,0,0,0
695,1144018,2024-03-22T07:15:00,OK,0,0,0,0
696,6062612,2024-03-22T07:15:00,OK,0,0,0,0
697,16716069,2024-04-02T14:40:00,OK,0,0,0,0
698,1140016,2024-03-22T07:15:00,OK,0,0,0,0
699,1219488,2024-03-22T07:15:00,OK,0,0,0,0
700,7148778,2024-03-22T07:15:00,OK,0,0,0,0
701,280270,2024-03-22T07:15:00,OK,0,0,0,0
702,7147708,2024-03-22T07:15:00,OK,0,0,0,0
703,7145087,2024-03-22T07:15:00,OK,0,0,0,0
704,1149903,2024-03-22T07:15:00,OK,0,0,0,0
705,16716091,2024-04-02T14:40:00,OK,77,77,47,81
706,1139802,2024-03-22T07:15:00,OK,0,0,0,0
707,1145391,2024-03-22T07:15:00,OK,0,0,0,0
708,1151925,2024-03-22T07:15:00,OK,0,0,0,0
709,7148917,2024-03-22T07:15:00,OK,0,0,0,0
710,1144044,2024-03-22T07:15:00,OK,0,0,0,0
711,7147529,2024-03-22T07:15:00,OK,0,0,0,0
712,1143911,2024-03-22T07:15:00,OK,0,0,0,0
713,7146834,2024-03-22T07:15:00,OK,0,0,0,0
714,7144993,2024-03-22T07:15:00,OK,0,0,0,0
715,7145833,2024-03-22T07:15:00,OK,0,0,0,0
716,10640348,2024-03-22T07:15:00,OK,0,0,0,0
717,1144178,2024-03-22T07:15:00,OK,0,0,0,0
718,7145353,2024-03-22T07:15:00,OK,0,0,0,0
719,7148425,2024-03-22T07:15:00,OK,0,0,0,0
720,1150893,2024-03-22T07:15:00,OK,0,0,0,0
721,1149883,2024-03-22T07:15:00,OK,0,0,0,0
722,16715863,2024-03-22T07:15:00,OK,0,0,0,0
723,1143858,2024-03-22T07:15:00,OK,0,0,0,0
724,7147384,2024-03-22T07:15:00,OK,0,0,0,0
725,1150056,2024-03-22T07:15:00,OK,0,0,0,0
726,8176534,2022-06-30T08:55:00,OK,0,0,0,0
727,7150533,2024-03-22T07:15:00,OK,0,0,0,0
728,1151009,2024-03-22T07:15:00,OK,0,0,0,0
729,16716811,2024-03-22T07:15:00,OK,0,0,0,0
730,1151831,2024-03-22T07:15:00,OK,0,0,0,0
731,1219628,2024-03-22T07:15:00,OK,0,0,0,0
732,16717331,2024-03-22T07:15:00,OK,0,0,0,0
733,8176279,2024-03-22T07:15:00,OK,0,0,0,0
734,16716884,2024-03-22T07:15:00,OK,0,0,0,0
735,16716242,2024-04-02T14:40:00,OK,1091,1091,0,5
736,1148880,2024-03-22T07:15:00,OK,0,0,0,0
737,1150996,2024-03-22T07:15:00,OK,0,0,0,0
738,8176439,2024-03-22T07:15:00,OK,0,0,0,0
739,16715320,2024-03-22T07:15:00,OK,0,0,0,0
740,8175644,2024-03-22T07:15:00,OK,0,0,0,0
741,1151805,2024-03-22T07:15:00,OK,0,0,0,0
742,16716523,2024-03-22T07:15:00,OK,0,0,0,0
743,1219608,2024-03-22T07:15:00,OK,0,0,0,0
744,7148815,2024-03-22T07:15:00,OK,0,0,0,0
745,1139775,2024-03-22T07:15:00,OK,0,0,0,0
746,1151938,2024-03-22T07:15:00,OK,0,0,0,0
747,280588,2024-03-22T07:15:00,OK,0,0,0,0
748,280508,2024-03-22T07:15:00,OK,0,0,0,0
749,7144608,2024-03-22T07:15:00,OK,0,0,0,0
750,1150826,2024-03-22T07:15:00,OK,0,0,0,0
751,1140042,2024-03-22T07:15:00,OK,0,0,0,0
752,10640448,2024-03-22T07:15:00,OK,0,0,0,0
753,16715836,2024-03-22T07:15:00,OK,0,0,0,0
754,7144658,2024-03-22T07:15:00,OK,0,0,0,0
755,886140,2024-03-22T07:15:00,OK,0,0,0,0
756,7147022,2024-03-22T07:15:00,OK,0,0,0,0
757,539168,2024-03-22T07:15:00,OK,0,0,0,0
758,7145495,2024-03-22T07:15:00,OK,0,0,0,0
759,978312,2024-03-22T07:15:00,OK,0,0,0,0
760,1148686,2024-03-22T07:15:00,OK,0,0,0,0
761,1149027,2024-03-22T07:15:00,OK,0,0,0,0
762,539009,2021-02-26T12:50:00,OK,174,174,10,54
763,8175688,2024-03-22T07:15:00,OK,0,0,0,0
764,1151592,2024-03-22T07:15:00,OK,0,0,0,0
765,1150105,2024-03-22T07:15:00,OK,0,0,0,0
766,916167,2024-03-22T07:15:00,OK,0,0,0,0
767,16715380,2024-03-22T07:15:00,OK,0,0,0,0
768,7146884,2024-03-22T07:15:00,OK,0,0,0,0
769,10640364,2024-03-22T07:15:00,OK,0,0,0,0
770,299993,2024-03-22T07:15:00,OK,0,0,0,0
771,7145860,2024-03-22T07:15:00,OK,0,0,0,0
772,7145198,2024-03-22T07:15:00,OK,0,0,0,0
773,7148596,2024-03-22T07:15:00,OK,0,0,0,0
774,7145966,2024-03-22T07:15:00,OK,0,0,0,0
775,7144451,2024-03-22T07:15:00,OK,0,0,0,0
776,16714983,2024-03-22T07:15:00,OK,0,0,0,0
777,300126,2024-03-22T07:15:00,OK,0,0,0,0
778,1149984,2024-03-22T07:15:00,OK,0,0,0,0
779,16716292,2024-04-02T14:40:00,OK,177,177,27,110
780,280376,2024-03-22T07:15:00,OK,0,0,0,0
781,7144880,2024-03-22T07:15:00,OK,0,0,0,0
782,1319875,2024-03-22T07:15:00,OK,0,0,0,0
783,1149101,2024-03-22T07:15:00,OK,0,0,0,0
784,1144204,2024-03-22T07:15:00,OK,0,0,0,0
785,7145402,2024-03-22T07:15:00,OK,0,0,0,0
786,14077906,2024-03-22T07:15:00,OK,0,0,0,0
787,957991,2024-03-22T07:15:00,OK,0,0,0,0
788,1149842,2024-03-22T07:15:00,OK,0,0,0,0
789,1201482,2024-03-22T07:15:00,OK,0,0,0,0
790,7145528,2024-03-22T07:15:00,OK,0,0,0,0
791,7144898,2024-03-22T07:15:00,OK,0,0,0,0
792,539460,2024-03-22T07:15:00,OK,0,0,0,0
793,7145740,2024-03-22T07:15:00,OK,0,0,0,0
794,7148668,2024-03-22T07:15:00,OK,0,0,0,0
795,1144338,2024-03-22T07:15:00,OK,0,0,0,0
796,1151114,2024-03-22T07:15:00,OK,0,0,0,0
797,7148629,2024-03-22T07:15:00,OK,0,0,0,0
798,7145113,2024-03-22T07:15:00,OK,0,0,0,0
799,8175720,2024-03-22T07:15:00,OK,0,0,0,0
800,1150923,2024-03-22T07:15:00,OK,0,0,0,0
801,1319943,2024-03-22T07:15:00,OK,0,0,0,0
802,539539,2024-03-22T07:15:00,OK,0,0,0,0
803,1319964,2024-03-22T07:15:00,OK,0,0,0,0
804,7146675,2024-03-22T07:15:00,OK,0,0,0,0
805,10640471,2024-03-22T07:15:00,OK,0,0,0,0
806,8175873,2024-03-22T07:15:00,OK,0,0,0,0
807,8176242,2024-03-22T07:15:00,OK,0,0,0,0
808,1148714,2024-03-22T07:15:00,OK,0,0,0,0
809,1151674,2024-03-22T07:15:00,OK,0,0,0,0
810,7145134,2024-03-22T07:15:00,OK,0,0,0,0
811,1144231,2024-03-22T07:15:00,OK,0,0,0,0
812,8176067,2024-03-22T07:15:00,OK,0,0,0,0
813,14077713,2024-03-22T07:15:00,OK,0,0,0,0
814,1144071,2024-03-22T07:15:00,OK,0,0,0,0
815,1143937,2024-03-22T07:15:00,OK,0,0,0,0
816,7147187,2024-03-22T07:15:00,OK,0,0,0,0
817,958018,2024-03-22T07:15:00,OK,0,0,0,0
818,1201455,2024-03-22T07:15:00,OK,0,0,0,0
819,1201508,2024-03-22T07:15:00,OK,0,0,0,0
820,1149915,2024-03-22T07:15:00,OK,0,0,0,0
821,7148473,2024-03-22T07:15:00,OK,0,0,0,0
822,1152027,2024-03-22T07:15:00,OK,0,0,0,0
823,280402,2024-03-22T07:15:00,OK,0,0,0,0
824,842853,2024-03-22T07:15:00,OK,0,0,0,0
825,7145232,2024-03-22T07:15:00,OK,0,0,0,0
826,1139856,2024-03-22T07:15:00,OK,0,0,0,0
827,16716565,2024-03-22T07:15:00,OK,0,0,0,0
828,1148946,2024-03-22T07:15:00,OK,0,0,0,0
829,7144785,2024-03-22T07:15:00,OK,0,0,0,0
830,2130871,2024-03-22T07:15:00,OK,0,0,0,0
831,7148845,2024-03-22T07:15:00,OK,0,0,0,0
832,7150453,2024-03-22T07:15:00,OK,0,0,0,0
833,1150905,2024-03-22T07:15:00,OK,0,0,0,0
834,1150077,2024-03-22T07:15:00,OK,0,0,0,0
835,539592,2024-03-22T07:15:00,OK,0,0,0,0
836,1139828,2024-03-22T07:15:00,OK,0,0,0,0
837,16714938,2024-03-22T07:15:00,OK,0,0,0,0
838,300259,2024-03-22T07:15:00,OK,0,0,0,0
839,958287,2024-03-22T07:15:00,OK,0,0,0,0
840,1219564,2024-03-22T07:15:00,OK,0,0,0,0
841,16716953,2024-03-22T07:15:00,OK,0,0,0,0
842,3106589,2024-03-22T07:15:00,OK,0,0,0,0
843,1151606,2024-03-22T07:15:00,OK,0,0,0,0
844,539301,2024-03-22T07:15:00,OK,0,0,0,0
845,7147043,2024-03-22T07:15:00,OK,0,0,0,0
846,300285,2024-03-22T07:15:00,OK,0,0,0,0
847,300153,2024-03-22T07:15:00,OK,0,0,0,0
848,8176517,2022-06-30T08:55:00,OK,0,0,0,0
849,7147647,2024-03-22T07:15:00,OK,0,0,0,0
850,8184002,2024-03-22T07:15:00,OK,0,0,0,0
851,1150016,2024-03-22T07:15:00,OK,0,0,0,0
852,1148762,2024-03-22T07:15:00,OK,0,0,0,0
853,16716602,2024-04-02T14:40:00,OK,133,133,71,79
854,8175956,2024-03-22T07:15:00,OK,0,0,0,0
855,280615,2024-03-22T07:15:00,OK,0,0,0,0
856,7148193,2024-03-22T07:15:00,OK,0,0,0,0
857,10017774,2024-03-22T07:15:00,OK,0,0,0,0
858,539619,2024-03-22T07:15:00,OK,0,0,0,0
859,7145379,2024-03-22T07:15:00,OK,0,0,0,0
860,539221,2024-03-22T07:15:00,OK,0,0,0,0
861,1151721,2024-03-22T07:15:00,OK,0,0,0,0
862,7145704,2024-03-22T07:15:00,OK,0,0,0,0
863,16717363,2024-03-22T07:15:00,OK,0,0,0,0
864,6636694,2024-03-22T07:15:00,OK,0,0,0,0
865,1139722,2024-03-22T07:15:00,OK,0,0,0,0
866,7144506,2024-03-22T07:15:00,OK,0,0,0,0
867,916193,2024-03-22T07:15:00,OK,0,0,0,0
868,7148451,2024-03-22T07:15:00,OK,0,0,0,0
869,7144815,2024-03-22T07:15:00,OK,0,0,0,0
870,1151031,2024-03-22T07:15:00,OK,0,0,0,0
871,6062558,2024-03-22T07:15:00,OK,0,0,0,0
872,16715934,2024-03-22T07:15:00,OK,0,0,0,0
873,1145636,2024-03-22T07:15:00,OK,0,0,0,0
874,978339,2024-03-22T07:15:00,OK,0,0,0,0
875,8176315,2024-03-22T07:15:00,OK,0,0,0,0
876,16717404,2024-03-22T07:15:00,OK,0,0,0,0
877,16716340,2024-04-02T14:40:00,OK,177,177,47,110
878,299966,2024-03-22T07:15:00,OK,0,0,0,0
879,1148740,2024-03-22T07:15:00,OK,0,0,0,0
880,7147234,2024-03-22T07:15:00,OK,0,0,0,0
881,1145474,2024-03-22T07:15:00,OK,0,0,0,0
882,16716642,2024-04-02T14:40:00,OK,118,118,43,96
883,10640287,2024-03-22T07:15:00,OK,0,0,0,0
884,7144704,2024-03-22T07:15:00,OK,0,0,0,0
885,6062639,2024-03-22T07:15:00,OK,0,0,0,0
886,7145883,2024-03-22T07:15:00,OK,0,0,0,0
887,1145312,2024-03-22T07:15:00,OK,0,0,0,0
888,1151621,2024-03-22T07:15:00,OK,0,0,0,0
889,6062719,2020-12-01T08:40:00,OK,272,272,15,34
890,8176030,2024-03-22T07:15:00,OK,0,0,0,0
891,16715091,2024-03-22T07:15:00,OK,0,0,0,0
892,7144473,2024-03-22T07:15:00,OK,0,0,0,0
893,16717016,2024-03-22T07:15:00,OK,0,0,0,0
894,10640377,2024-03-22T07:15:00,OK,0,0,0,0
895,958179,2024-03-22T07:15:00,OK,0,0,0,0
896,7145010,2024-03-22T07:15:00,OK,0,0,0,0
897,1144097,2024-03-22T07:15:00,OK,0,0,0,0
898,1144364,2024-03-22T07:15:00,OK,0,0,0,0
899,1140069,2024-03-22T07:15:00,OK,0,0,0,0
900,16715027,2024-03-22T07:15:00,OK,0,0,0,0
901,1151957,2024-03-22T07:15:00,OK,0,0,0,0
902,7146445,2024-03-22T07:15:00,OK,0,0,0,0
903,1151133,2024-03-22T07:15:00,OK,0,0,0,0
904,6636668,2024-03-22T07:15:00,OK,0,0,0,0
905,1139882,2024-03-22T07:15:00,OK,0,0,0,0
906,1149048,2024-03-22T07:15:00,OK,0,0,0,0
907,7144927,2024-03-22T07:15:00,OK,0,0,0,0
908,7147434,2024-03-22T07:15:00,OK,0,0,0,0
909,1150841,2024-03-22T07:15:00,OK,0,0,0,0
910,300019,2024-03-22T07:15:00,OK,0,0,0,0
911,1151854,2024-03-22T07:15:00,OK,0,0,0,0
912,539036,2021-02-26T12:50:00,OK,102,99,2,45
913,958314,2024-03-22T07:15:00,OK,0,0,0,0
914,8176457,2022-06-30T08:55:00,OK,0,0,0,0
915,1145500,2024-03-22T07:15:00,OK,0,0,0,0
916,7146500,2024-03-22T07:15:00,OK,0,0,0,0
917,978365,2024-03-22T07:15:00,OK,0,0,0,0
918,280296,2024-03-22T07:15:00,OK,0,0,0,0
919,16715440,2024-03-22T07:15:00,OK,0,0,0,0
920,7147271,2024-03-22T07:15:00,OK,0,0,0,0
921,16715890,2024-03-22T07:15:00,OK,0,0,0,0
922,7145266,2024-03-22T07:15:00,OK,0,0,0,0
923,7145025,2024-03-22T07:15:00,OK,0,0,0,0
924,1219500,2024-03-22T07:15:00,OK,0,0,0,0
925,7147730,2024-03-22T07:15:00,OK,0,0,0,0
926,1149930,2024-03-22T07:15:00,OK,0,0,0,0
927,1319981,2024-03-22T07:15:00,OK,0,0,0,0
928,1148972,2024-03-22T07:15:00,OK,0,0,0,0
929,7145592,2024-03-22T07:15:00,OK,0,0,0,0
